SEASON_ID,TEAM_ID,TEAM_ABBREVIATION,TEAM_NAME,GAME_ID,GAME_DATE,MATCHUP,WL,MIN,PTS,FGM,FGA,FG_PCT,FG3M,FG3A,FG3_PCT,FTM,FTA,FT_PCT,OREB,DREB,REB,AST,STL,BLK,TOV,PF,PLUS_MINUS
22019,1610612766,CHA,Charlotte Hornets,0021900970,2020-03-11,CHA @ MIA,W,239,109,37,82,0.451,17,34,0.5,18,22,0.818,15,35,50,20,7,4,14,9,11.0
22019,1610612766,CHA,Charlotte Hornets,0021900957,2020-03-09,CHA @ ATL,L,289,138,49,104,0.471,19,48,0.396,21,23,0.913,8,27,35,31,9,6,3,22,-5.0
22019,1610612766,CHA,Charlotte Hornets,0021900940,2020-03-07,CHA vs. HOU,W,240,108,37,70,0.529,15,32,0.469,19,25,0.76,6,24,30,29,7,1,17,15,9.0
22019,1610612766,CHA,Charlotte Hornets,0021900926,2020-03-05,CHA vs. DEN,L,241,112,38,77,0.494,13,33,0.394,23,28,0.821,9,25,34,24,7,2,13,23,-2.0
22019,1610612766,CHA,Charlotte Hornets,0021900909,2020-03-03,CHA vs. SAS,L,240,103,39,82,0.476,12,29,0.414,13,18,0.722,14,32,46,25,4,2,17,16,-1.0
22019,1610612766,CHA,Charlotte Hornets,0021900895,2020-03-01,CHA vs. MIL,L,239,85,34,96,0.354,8,35,0.229,9,10,0.9,12,35,47,22,7,8,10,18,-8.0
22019,1610612766,CHA,Charlotte Hornets,0021900879,2020-02-28,CHA @ TOR,W,240,99,34,78,0.436,13,30,0.433,18,25,0.72,11,47,58,23,3,8,17,22,3.0
22019,1610612766,CHA,Charlotte Hornets,0021900864,2020-02-26,CHA vs. NYK,W,240,107,39,83,0.47,10,30,0.333,19,25,0.76,10,27,37,25,7,4,14,19,6.0
22019,1610612766,CHA,Charlotte Hornets,0021900857,2020-02-25,CHA @ IND,L,240,80,31,93,0.333,10,33,0.303,8,18,0.444,13,26,39,22,10,1,11,13,-39.0
22019,1610612766,CHA,Charlotte Hornets,0021900836,2020-02-22,CHA vs. BKN,L,240,86,31,88,0.352,12,35,0.343,12,21,0.571,9,36,45,22,5,2,12,16,-29.0
22019,1610612766,CHA,Charlotte Hornets,0021900823,2020-02-20,CHA @ CHI,W,240,103,35,74,0.473,8,28,0.286,25,29,0.862,9,35,44,22,9,4,17,16,10.0
22019,1610612766,CHA,Charlotte Hornets,0021900813,2020-02-12,CHA @ MIN,W,241,115,43,92,0.467,14,34,0.412,15,23,0.652,12,40,52,22,7,4,13,16,7.0
22019,1610612766,CHA,Charlotte Hornets,0021900793,2020-02-10,CHA @ DET,W,241,87,33,88,0.375,9,36,0.25,12,14,0.857,13,32,45,19,10,3,10,15,11.0
22019,1610612766,CHA,Charlotte Hornets,0021900778,2020-02-08,CHA vs. DAL,L,241,100,38,87,0.437,11,36,0.306,13,18,0.722,12,27,39,15,5,4,10,13,-16.0
22019,1610612766,CHA,Charlotte Hornets,0021900752,2020-02-04,CHA @ HOU,L,240,110,39,83,0.47,13,33,0.394,19,24,0.792,12,41,53,22,2,2,17,18,-15.0
22019,1610612766,CHA,Charlotte Hornets,0021900741,2020-02-03,CHA vs. ORL,L,240,100,41,89,0.461,9,31,0.29,9,14,0.643,15,31,46,24,8,2,12,16,-12.0
22019,1610612766,CHA,Charlotte Hornets,0021900734,2020-02-01,CHA @ SAS,L,241,90,35,83,0.422,10,36,0.278,10,12,0.833,6,31,37,29,5,7,17,18,-24.0
22019,1610612766,CHA,Charlotte Hornets,0021900715,2020-01-30,CHA @ WAS,L,239,107,43,99,0.434,9,30,0.3,12,19,0.632,16,22,38,32,9,4,7,24,-14.0
22019,1610612766,CHA,Charlotte Hornets,0021900699,2020-01-28,CHA vs. NYK,W,239,97,34,88,0.386,8,32,0.25,21,27,0.778,16,35,51,22,5,4,13,14,5.0
22019,1610612766,CHA,Charlotte Hornets,0021900669,2020-01-24,CHA vs. MIL,L,240,103,32,86,0.372,14,39,0.359,25,30,0.833,8,31,39,24,6,3,13,22,-13.0
22019,1610612766,CHA,Charlotte Hornets,0021900642,2020-01-20,CHA vs. ORL,L,241,83,29,76,0.382,10,33,0.303,15,20,0.75,9,30,39,21,4,5,18,18,-23.0
22019,1610612766,CHA,Charlotte Hornets,0021900610,2020-01-15,CHA @ DEN,L,240,86,33,81,0.407,12,35,0.343,8,14,0.571,9,33,42,28,4,6,14,24,-14.0
22019,1610612766,CHA,Charlotte Hornets,0021900595,2020-01-13,CHA @ POR,L,241,112,40,90,0.444,18,38,0.474,14,18,0.778,10,32,42,24,7,3,8,20,-3.0
22019,1610612766,CHA,Charlotte Hornets,0021900590,2020-01-12,CHA @ PHX,L,240,92,36,86,0.419,8,35,0.229,12,18,0.667,8,29,37,25,10,3,14,19,-8.0
22019,1610612766,CHA,Charlotte Hornets,0021900574,2020-01-10,CHA @ UTA,L,239,92,35,75,0.467,8,26,0.308,14,19,0.737,7,30,37,20,6,3,20,16,-17.0
22019,1610612766,CHA,Charlotte Hornets,0021900555,2020-01-08,CHA vs. TOR,L,265,110,38,86,0.442,15,37,0.405,19,26,0.731,13,37,50,30,6,6,17,21,-2.0
22019,1610612766,CHA,Charlotte Hornets,0021900539,2020-01-06,CHA vs. IND,L,240,104,37,81,0.457,10,30,0.333,20,22,0.909,8,30,38,21,3,3,11,14,-11.0
22019,1610612766,CHA,Charlotte Hornets,0021900530,2020-01-04,CHA @ DAL,W,266,123,42,85,0.494,11,25,0.44,28,31,0.903,16,37,53,27,5,5,17,22,3.0
22019,1610612766,CHA,Charlotte Hornets,0021900508,2020-01-02,CHA @ CLE,W,240,109,37,83,0.446,15,38,0.395,20,24,0.833,10,29,39,25,5,0,11,15,3.0
22019,1610612766,CHA,Charlotte Hornets,0021900497,2019-12-31,CHA vs. BOS,L,240,92,34,86,0.395,12,34,0.353,12,16,0.75,8,33,41,25,7,4,17,16,-17.0
22019,1610612766,CHA,Charlotte Hornets,0021900487,2019-12-29,CHA @ MEM,L,239,104,37,86,0.43,9,31,0.29,21,32,0.656,11,31,42,23,8,4,14,19,-13.0
22019,1610612766,CHA,Charlotte Hornets,0021900467,2019-12-27,CHA vs. OKC,L,265,102,42,101,0.416,7,39,0.179,11,18,0.611,17,37,54,26,8,4,15,27,-2.0
22019,1610612766,CHA,Charlotte Hornets,0021900440,2019-12-22,CHA @ BOS,L,240,93,33,82,0.402,10,34,0.294,17,23,0.739,2,25,27,26,3,5,3,17,-26.0
22019,1610612766,CHA,Charlotte Hornets,0021900430,2019-12-21,CHA vs. UTA,L,241,107,39,85,0.459,12,29,0.414,17,22,0.773,11,25,36,20,13,4,14,25,-7.0
22019,1610612766,CHA,Charlotte Hornets,0021900407,2019-12-18,CHA @ CLE,L,242,98,37,91,0.407,13,37,0.351,11,18,0.611,15,20,35,25,12,3,9,20,-2.0
22019,1610612766,CHA,Charlotte Hornets,0021900401,2019-12-17,CHA vs. SAC,W,239,110,39,81,0.481,13,30,0.433,19,27,0.704,16,35,51,26,5,8,16,18,8.0
22019,1610612766,CHA,Charlotte Hornets,0021900389,2019-12-15,CHA @ IND,L,241,85,28,91,0.308,5,32,0.156,24,35,0.686,17,39,56,18,4,5,10,21,-22.0
22019,1610612766,CHA,Charlotte Hornets,0021900375,2019-12-13,CHA @ CHI,W,240,83,30,79,0.38,6,31,0.194,17,21,0.81,11,49,60,21,9,5,20,16,10.0
22019,1610612766,CHA,Charlotte Hornets,0021900360,2019-12-11,CHA @ BKN,W,240,113,36,88,0.409,15,35,0.429,26,32,0.813,15,32,47,20,2,6,8,23,5.0
22019,1610612766,CHA,Charlotte Hornets,0021900352,2019-12-10,CHA vs. WAS,W,241,114,38,85,0.447,16,41,0.39,22,28,0.786,11,37,48,22,4,4,13,26,7.0
22019,1610612766,CHA,Charlotte Hornets,0021900336,2019-12-08,CHA vs. ATL,L,242,107,36,90,0.4,11,31,0.355,24,29,0.828,13,31,44,22,8,3,11,17,-15.0
22019,1610612766,CHA,Charlotte Hornets,0021900320,2019-12-06,CHA vs. BKN,L,242,104,36,83,0.434,17,40,0.425,15,17,0.882,10,24,34,23,6,6,19,16,-7.0
22019,1610612766,CHA,Charlotte Hornets,0021900306,2019-12-04,CHA vs. GSW,W,241,106,40,87,0.46,21,48,0.438,5,8,0.625,11,33,44,30,11,7,13,20,15.0
22019,1610612766,CHA,Charlotte Hornets,0021900293,2019-12-02,CHA vs. PHX,L,240,104,38,84,0.452,7,25,0.28,21,26,0.808,14,39,53,27,4,7,19,23,-5.0
22019,1610612766,CHA,Charlotte Hornets,0021900283,2019-11-30,CHA @ MIL,L,241,96,37,101,0.366,15,45,0.333,7,8,0.875,15,38,53,21,4,1,12,18,-41.0
22019,1610612766,CHA,Charlotte Hornets,0021900268,2019-11-29,CHA @ DET,W,241,110,40,83,0.482,19,38,0.5,11,15,0.733,11,26,37,26,8,6,10,17,3.0
22019,1610612766,CHA,Charlotte Hornets,0021900254,2019-11-27,CHA vs. DET,W,239,102,39,88,0.443,7,30,0.233,17,20,0.85,10,31,41,27,3,7,3,18,1.0
22019,1610612766,CHA,Charlotte Hornets,0021900245,2019-11-25,CHA @ MIA,L,240,100,36,87,0.414,9,33,0.273,19,25,0.76,10,25,35,25,11,0,13,24,-17.0
22019,1610612766,CHA,Charlotte Hornets,0021900226,2019-11-23,CHA vs. CHI,L,240,115,44,80,0.55,12,28,0.429,15,22,0.682,10,33,43,26,5,7,19,17,-1.0
22019,1610612766,CHA,Charlotte Hornets,0021900216,2019-11-22,CHA @ WAS,L,241,118,48,93,0.516,14,34,0.412,8,8,1.0,7,37,44,24,9,5,16,18,-7.0
22019,1610612766,CHA,Charlotte Hornets,0021900205,2019-11-20,CHA @ BKN,L,240,91,30,81,0.37,11,33,0.333,20,26,0.769,8,33,41,17,8,3,16,23,-10.0
22019,1610612766,CHA,Charlotte Hornets,0021900191,2019-11-18,CHA @ TOR,L,241,96,33,78,0.423,15,45,0.333,15,24,0.625,9,28,37,26,3,8,19,19,-36.0
22019,1610612766,CHA,Charlotte Hornets,0021900177,2019-11-16,CHA @ NYK,W,239,103,36,87,0.414,17,48,0.354,14,19,0.737,12,30,42,22,5,3,10,18,1.0
22019,1610612766,CHA,Charlotte Hornets,0021900167,2019-11-15,CHA vs. DET,W,240,109,43,96,0.448,13,35,0.371,10,16,0.625,14,27,41,22,10,3,10,17,3.0
22019,1610612766,CHA,Charlotte Hornets,0021900154,2019-11-13,CHA vs. MEM,L,240,117,43,87,0.494,16,36,0.444,15,19,0.789,7,27,34,27,8,5,15,12,-2.0
22019,1610612766,CHA,Charlotte Hornets,0021900134,2019-11-10,CHA @ PHI,L,241,106,38,84,0.452,14,33,0.424,16,22,0.727,6,25,31,22,9,1,13,19,-8.0
22019,1610612766,CHA,Charlotte Hornets,0021900128,2019-11-09,CHA vs. NOP,L,239,110,36,88,0.409,12,35,0.343,26,34,0.765,13,29,42,27,10,2,21,27,-5.0
22019,1610612766,CHA,Charlotte Hornets,0021900112,2019-11-07,CHA vs. BOS,L,238,87,33,86,0.384,6,31,0.194,15,21,0.714,9,40,49,21,7,9,20,19,-21.0
22019,1610612766,CHA,Charlotte Hornets,0021900097,2019-11-05,CHA vs. IND,W,264,122,42,88,0.477,10,31,0.323,28,42,0.667,10,27,37,22,7,4,13,17,2.0
22019,1610612766,CHA,Charlotte Hornets,0021900083,2019-11-02,CHA @ GSW,W,240,93,36,85,0.424,5,29,0.172,16,23,0.696,16,32,48,18,6,1,12,15,6.0
22019,1610612766,CHA,Charlotte Hornets,0021900064,2019-10-30,CHA @ SAC,W,241,118,46,84,0.548,16,32,0.5,10,14,0.714,10,36,46,30,8,3,20,17,7.0
22019,1610612766,CHA,Charlotte Hornets,0021900051,2019-10-28,CHA @ LAC,L,240,96,36,83,0.434,14,39,0.359,10,14,0.714,9,29,38,24,5,3,21,23,-15.0
22019,1610612766,CHA,Charlotte Hornets,0021900040,2019-10-27,CHA @ LAL,L,240,101,35,91,0.385,10,35,0.286,21,23,0.913,13,32,45,19,7,4,14,20,-19.0
22019,1610612766,CHA,Charlotte Hornets,0021900018,2019-10-25,CHA vs. MIN,L,241,99,37,84,0.44,12,29,0.414,13,26,0.5,9,33,42,26,6,5,19,29,-22.0
22019,1610612766,CHA,Charlotte Hornets,0021900003,2019-10-23,CHA vs. CHI,W,240,126,45,88,0.511,23,44,0.523,13,16,0.813,9,32,41,28,3,4,19,18,1.0
22019,1610612740,NOP,New Orleans Pelicans,0021901312,2020-08-13,NOP @ ORL,L,239,127,48,87,0.552,10,34,0.294,21,27,0.778,9,31,40,22,6,4,13,22,-6.0
22019,1610612740,NOP,New Orleans Pelicans,0021901302,2020-08-11,NOP @ SAC,L,240,106,42,82,0.512,7,24,0.292,15,19,0.789,5,29,34,25,8,6,19,18,-6.0
22019,1610612740,NOP,New Orleans Pelicans,0021901287,2020-08-09,NOP vs. SAS,L,239,113,42,96,0.438,12,30,0.4,17,22,0.773,16,32,48,30,5,5,19,26,-9.0
22019,1610612740,NOP,New Orleans Pelicans,0021901278,2020-08-07,NOP vs. WAS,W,240,118,42,88,0.477,12,35,0.343,22,26,0.846,11,34,45,25,7,8,18,19,11.0
22019,1610612740,NOP,New Orleans Pelicans,0021901268,2020-08-06,NOP @ SAC,L,239,125,47,82,0.573,14,34,0.412,17,23,0.739,5,25,30,31,4,3,17,26,-15.0
22019,1610612740,NOP,New Orleans Pelicans,0021901253,2020-08-03,NOP vs. MEM,W,239,109,37,82,0.451,11,29,0.379,24,39,0.615,8,41,49,25,7,1,14,20,10.0
22019,1610612740,NOP,New Orleans Pelicans,0021901241,2020-08-01,NOP @ LAC,L,240,103,38,85,0.447,9,30,0.3,18,28,0.643,9,39,48,24,4,1,18,23,-23.0
22019,1610612740,NOP,New Orleans Pelicans,0021901231,2020-07-30,NOP vs. UTA,L,239,104,40,94,0.426,11,31,0.355,13,18,0.722,15,30,45,22,12,2,20,25,-2.0
22019,1610612740,NOP,New Orleans Pelicans,0021900947,2020-03-08,NOP @ MIN,W,241,120,44,90,0.489,11,35,0.314,21,31,0.677,10,44,54,28,7,5,25,23,13.0
22019,1610612740,NOP,New Orleans Pelicans,0021900936,2020-03-06,NOP vs. MIA,W,240,110,38,91,0.418,14,38,0.368,20,28,0.714,15,38,53,28,7,6,17,25,6.0
22019,1610612740,NOP,New Orleans Pelicans,0021900923,2020-03-04,NOP @ DAL,L,265,123,50,114,0.439,17,46,0.37,6,11,0.545,15,37,52,28,8,4,14,23,-4.0
22019,1610612740,NOP,New Orleans Pelicans,0021900911,2020-03-03,NOP vs. MIN,L,241,134,52,100,0.52,14,39,0.359,16,27,0.593,13,31,44,37,13,2,15,18,-5.0
22019,1610612740,NOP,New Orleans Pelicans,0021900900,2020-03-01,NOP vs. LAL,L,239,114,40,95,0.421,7,32,0.219,27,33,0.818,15,37,52,24,7,3,16,11,-8.0
22019,1610612740,NOP,New Orleans Pelicans,0021900883,2020-02-28,NOP vs. CLE,W,239,116,48,88,0.545,9,23,0.391,11,15,0.733,12,37,49,36,12,8,16,17,12.0
22019,1610612740,NOP,New Orleans Pelicans,0021900861,2020-02-25,NOP @ LAL,L,240,109,39,86,0.453,8,27,0.296,23,30,0.767,6,39,45,31,10,2,20,24,-9.0
22019,1610612740,NOP,New Orleans Pelicans,0021900847,2020-02-23,NOP @ GSW,W,239,115,46,98,0.469,17,42,0.405,6,13,0.462,14,38,52,34,7,5,13,15,14.0
22019,1610612740,NOP,New Orleans Pelicans,0021900834,2020-02-21,NOP @ POR,W,240,128,45,84,0.536,18,34,0.529,20,33,0.606,9,37,46,36,8,3,17,23,13.0
22019,1610612740,NOP,New Orleans Pelicans,0021900819,2020-02-13,NOP vs. OKC,L,238,118,42,86,0.488,14,35,0.4,20,27,0.741,8,38,46,31,3,7,17,20,-5.0
22019,1610612740,NOP,New Orleans Pelicans,0021900804,2020-02-11,NOP vs. POR,W,240,138,49,92,0.533,14,34,0.412,26,32,0.813,14,36,50,40,7,5,13,20,21.0
22019,1610612740,NOP,New Orleans Pelicans,0021900780,2020-02-08,NOP @ IND,W,241,124,44,95,0.463,15,38,0.395,21,25,0.84,16,37,53,27,8,2,15,24,7.0
22019,1610612740,NOP,New Orleans Pelicans,0021900765,2020-02-06,NOP @ CHI,W,240,125,49,87,0.563,16,38,0.421,11,19,0.579,9,36,45,38,12,7,21,20,6.0
22019,1610612740,NOP,New Orleans Pelicans,0021900751,2020-02-04,NOP vs. MIL,L,242,108,38,99,0.384,14,49,0.286,18,24,0.75,8,41,49,26,10,6,17,17,-12.0
22019,1610612740,NOP,New Orleans Pelicans,0021900738,2020-02-02,NOP @ HOU,L,240,109,42,94,0.447,10,33,0.303,15,20,0.75,16,47,63,21,6,6,21,16,-8.0
22019,1610612740,NOP,New Orleans Pelicans,0021900723,2020-01-31,NOP vs. MEM,W,241,139,51,95,0.537,15,34,0.441,22,26,0.846,16,41,57,30,8,4,19,22,28.0
22019,1610612740,NOP,New Orleans Pelicans,0021900700,2020-01-28,NOP @ CLE,W,241,125,47,88,0.534,13,34,0.382,18,24,0.75,7,34,41,29,9,11,16,16,14.0
22019,1610612740,NOP,New Orleans Pelicans,0021900691,2020-01-26,NOP vs. BOS,W,240,123,44,92,0.478,16,36,0.444,19,29,0.655,18,36,54,31,7,5,18,21,15.0
22019,1610612740,NOP,New Orleans Pelicans,0021900676,2020-01-24,NOP vs. DEN,L,240,106,38,82,0.463,12,27,0.444,18,30,0.6,12,33,45,24,8,7,17,17,-7.0
22019,1610612740,NOP,New Orleans Pelicans,0021900663,2020-01-22,NOP vs. SAS,L,240,117,39,84,0.464,14,36,0.389,25,32,0.781,8,33,41,26,6,3,14,21,-4.0
22019,1610612740,NOP,New Orleans Pelicans,0021900646,2020-01-20,NOP @ MEM,W,240,126,42,88,0.477,21,48,0.438,21,24,0.875,5,38,43,24,7,7,16,18,10.0
22019,1610612740,NOP,New Orleans Pelicans,0021900626,2020-01-18,NOP vs. LAC,L,241,130,46,86,0.535,15,41,0.366,23,36,0.639,12,36,48,32,7,4,21,26,-3.0
22019,1610612740,NOP,New Orleans Pelicans,0021900616,2020-01-16,NOP vs. UTA,W,265,138,51,93,0.548,11,26,0.423,25,35,0.714,9,36,45,29,8,9,13,27,6.0
22019,1610612740,NOP,New Orleans Pelicans,0021900591,2020-01-13,NOP @ DET,W,266,117,43,103,0.417,9,26,0.346,22,27,0.815,17,44,61,23,6,5,19,19,7.0
22019,1610612740,NOP,New Orleans Pelicans,0021900578,2020-01-11,NOP @ BOS,L,241,105,40,100,0.4,14,45,0.311,11,18,0.611,15,28,43,29,4,6,16,19,-35.0
22019,1610612740,NOP,New Orleans Pelicans,0021900569,2020-01-10,NOP @ NYK,W,240,123,48,86,0.558,18,38,0.474,9,17,0.529,6,37,43,35,8,6,19,16,12.0
22019,1610612740,NOP,New Orleans Pelicans,0021900560,2020-01-08,NOP vs. CHI,W,239,123,41,87,0.471,15,44,0.341,26,32,0.813,12,38,50,31,7,8,14,16,15.0
22019,1610612740,NOP,New Orleans Pelicans,0021900544,2020-01-06,NOP vs. UTA,L,239,126,45,94,0.479,12,31,0.387,24,30,0.8,13,35,48,23,4,5,6,20,-2.0
22019,1610612740,NOP,New Orleans Pelicans,0021900533,2020-01-04,NOP @ SAC,W,239,117,38,87,0.437,16,45,0.356,25,33,0.758,9,35,44,28,11,3,15,25,2.0
22019,1610612740,NOP,New Orleans Pelicans,0021900522,2020-01-03,NOP @ LAL,L,239,113,48,102,0.471,11,37,0.297,6,7,0.857,9,31,40,24,4,10,11,20,-10.0
22019,1610612740,NOP,New Orleans Pelicans,0021900488,2019-12-29,NOP vs. HOU,W,239,127,50,102,0.49,18,44,0.409,9,13,0.692,14,32,46,32,9,4,9,17,15.0
22019,1610612740,NOP,New Orleans Pelicans,0021900474,2019-12-28,NOP vs. IND,W,240,120,43,93,0.462,18,42,0.429,16,20,0.8,11,38,49,25,9,2,12,18,22.0
22019,1610612740,NOP,New Orleans Pelicans,0021900459,2019-12-25,NOP @ DEN,W,240,112,41,90,0.456,18,43,0.419,12,12,1.0,14,38,52,23,9,5,18,14,12.0
22019,1610612740,NOP,New Orleans Pelicans,0021900452,2019-12-23,NOP @ POR,W,239,102,38,93,0.409,15,35,0.429,11,16,0.688,13,42,55,23,6,6,12,19,8.0
22019,1610612740,NOP,New Orleans Pelicans,0021900429,2019-12-20,NOP @ GSW,L,240,102,39,93,0.419,9,34,0.265,15,23,0.652,13,35,48,23,8,5,17,19,-4.0
22019,1610612740,NOP,New Orleans Pelicans,0021900411,2019-12-18,NOP @ MIN,W,241,107,38,86,0.442,14,33,0.424,17,21,0.81,11,44,55,23,6,4,17,19,8.0
22019,1610612740,NOP,New Orleans Pelicans,0021900404,2019-12-17,NOP vs. BKN,L,264,101,37,107,0.346,11,40,0.275,16,24,0.667,16,42,58,20,3,9,8,19,-7.0
22019,1610612740,NOP,New Orleans Pelicans,0021900388,2019-12-15,NOP vs. ORL,L,241,119,47,88,0.534,19,43,0.442,6,12,0.5,11,29,40,34,6,7,17,21,-11.0
22019,1610612740,NOP,New Orleans Pelicans,0021900372,2019-12-13,NOP @ PHI,L,241,109,38,88,0.432,9,24,0.375,24,35,0.686,12,33,45,24,5,2,9,29,-7.0
22019,1610612740,NOP,New Orleans Pelicans,0021900364,2019-12-11,NOP @ MIL,L,240,112,39,88,0.443,16,45,0.356,18,22,0.818,7,35,42,29,8,5,21,17,-15.0
22019,1610612740,NOP,New Orleans Pelicans,0021900348,2019-12-09,NOP vs. DET,L,239,103,40,91,0.44,8,38,0.211,15,22,0.682,10,35,45,24,6,1,12,22,-2.0
22019,1610612740,NOP,New Orleans Pelicans,0021900330,2019-12-07,NOP @ DAL,L,239,84,32,89,0.36,3,32,0.094,17,21,0.81,8,26,34,17,4,2,14,23,-46.0
22019,1610612740,NOP,New Orleans Pelicans,0021900319,2019-12-05,NOP vs. PHX,L,264,132,44,87,0.506,17,41,0.415,27,35,0.771,6,34,40,27,13,9,23,29,-7.0
22019,1610612740,NOP,New Orleans Pelicans,0021900302,2019-12-03,NOP vs. DAL,L,241,97,38,94,0.404,11,41,0.268,10,15,0.667,9,38,47,20,4,4,11,19,-21.0
22019,1610612740,NOP,New Orleans Pelicans,0021900289,2019-12-01,NOP vs. OKC,L,239,104,39,87,0.448,17,38,0.447,9,10,0.9,3,38,41,22,6,7,11,22,-3.0
22019,1610612740,NOP,New Orleans Pelicans,0021900275,2019-11-29,NOP @ OKC,L,239,104,39,87,0.448,11,38,0.289,15,21,0.714,7,37,44,19,8,3,13,12,-5.0
22019,1610612740,NOP,New Orleans Pelicans,0021900264,2019-11-27,NOP vs. LAL,L,239,110,34,84,0.405,17,40,0.425,25,30,0.833,13,29,42,20,7,4,19,23,-4.0
22019,1610612740,NOP,New Orleans Pelicans,0021900239,2019-11-24,NOP @ LAC,L,240,109,43,98,0.439,13,41,0.317,10,18,0.556,12,33,45,26,1,6,9,26,-25.0
22019,1610612740,NOP,New Orleans Pelicans,0021900234,2019-11-23,NOP @ UTA,L,241,120,42,101,0.416,17,41,0.415,19,20,0.95,9,29,38,21,7,6,10,24,-8.0
22019,1610612740,NOP,New Orleans Pelicans,0021900214,2019-11-21,NOP @ PHX,W,240,124,47,88,0.534,16,35,0.457,14,22,0.636,8,36,44,28,8,6,17,25,3.0
22019,1610612740,NOP,New Orleans Pelicans,0021900199,2019-11-19,NOP vs. POR,W,240,115,41,93,0.441,13,36,0.361,20,24,0.833,16,37,53,24,10,5,13,15,11.0
22019,1610612740,NOP,New Orleans Pelicans,0021900187,2019-11-17,NOP vs. GSW,W,240,108,37,89,0.416,18,46,0.391,16,20,0.8,11,37,48,24,3,5,13,21,8.0
22019,1610612740,NOP,New Orleans Pelicans,0021900178,2019-11-16,NOP @ MIA,L,239,94,37,82,0.451,16,35,0.457,4,6,0.667,7,24,31,23,10,2,18,16,-15.0
22019,1610612740,NOP,New Orleans Pelicans,0021900164,2019-11-14,NOP vs. LAC,W,241,132,47,98,0.48,18,34,0.529,20,29,0.69,18,33,51,26,11,5,14,25,5.0
22019,1610612740,NOP,New Orleans Pelicans,0021900142,2019-11-11,NOP vs. HOU,L,238,116,41,95,0.432,14,45,0.311,20,27,0.741,12,34,46,26,8,3,16,23,-6.0
22019,1610612740,NOP,New Orleans Pelicans,0021900128,2019-11-09,NOP @ CHA,W,239,115,40,75,0.533,14,33,0.424,21,30,0.7,9,36,45,25,13,6,26,28,5.0
22019,1610612740,NOP,New Orleans Pelicans,0021900121,2019-11-08,NOP vs. TOR,L,240,104,40,99,0.404,10,41,0.244,14,21,0.667,14,39,53,21,7,6,18,23,-18.0
22019,1610612740,NOP,New Orleans Pelicans,0021900092,2019-11-04,NOP @ BKN,L,239,125,48,97,0.495,13,32,0.406,16,21,0.762,10,29,39,18,16,5,21,26,-10.0
22019,1610612740,NOP,New Orleans Pelicans,0021900077,2019-11-02,NOP @ OKC,L,240,104,40,94,0.426,11,32,0.344,13,22,0.591,17,39,56,25,7,5,16,25,-11.0
22019,1610612740,NOP,New Orleans Pelicans,0021900067,2019-10-31,NOP vs. DEN,W,240,122,41,77,0.532,15,33,0.455,25,32,0.781,2,35,37,30,7,4,15,21,15.0
22019,1610612740,NOP,New Orleans Pelicans,0021900047,2019-10-28,NOP vs. GSW,L,239,123,48,103,0.466,15,47,0.319,12,22,0.545,11,30,41,36,13,7,15,20,-11.0
22019,1610612740,NOP,New Orleans Pelicans,0021900032,2019-10-26,NOP @ HOU,L,240,123,46,100,0.46,18,50,0.36,13,16,0.813,9,33,42,27,9,2,17,30,-3.0
22019,1610612740,NOP,New Orleans Pelicans,0021900021,2019-10-25,NOP vs. DAL,L,239,116,45,98,0.459,15,41,0.366,11,15,0.733,12,36,48,30,6,3,14,22,-7.0
22019,1610612740,NOP,New Orleans Pelicans,0021900001,2019-10-22,NOP @ TOR,L,265,122,43,102,0.422,19,45,0.422,17,20,0.85,16,37,53,30,4,9,19,34,-8.0
22019,1610612746,LAC,LA Clippers,0021901317,2020-08-14,LAC vs. OKC,W,265,107,34,85,0.4,12,37,0.324,27,39,0.692,12,49,61,23,10,2,20,22,4.0
22019,1610612746,LAC,LA Clippers,0021901307,2020-08-12,LAC @ DEN,W,240,124,46,85,0.541,14,37,0.378,18,23,0.783,6,34,40,29,11,1,7,25,13.0
22019,1610612746,LAC,LA Clippers,0021901291,2020-08-09,LAC vs. BKN,L,242,120,45,93,0.484,13,36,0.361,17,20,0.85,10,29,39,23,8,2,10,19,-9.0
22019,1610612746,LAC,LA Clippers,0021901280,2020-08-08,LAC @ POR,W,242,122,42,85,0.494,15,34,0.441,23,28,0.821,9,36,45,24,5,2,14,22,5.0
22019,1610612746,LAC,LA Clippers,0021901271,2020-08-06,LAC @ DAL,W,241,126,50,92,0.543,14,31,0.452,12,15,0.8,9,36,45,22,3,3,6,21,15.0
22019,1610612746,LAC,LA Clippers,0021901258,2020-08-04,LAC vs. PHX,L,241,115,42,85,0.494,8,29,0.276,23,27,0.852,8,40,48,21,2,3,10,16,-2.0
22019,1610612746,LAC,LA Clippers,0021901241,2020-08-01,LAC vs. NOP,W,240,126,37,87,0.425,25,47,0.532,27,35,0.771,8,40,48,23,10,2,10,28,23.0
22019,1610612746,LAC,LA Clippers,0021901232,2020-07-30,LAC @ LAL,L,239,101,32,74,0.432,16,36,0.444,21,28,0.75,4,32,36,17,6,5,20,30,-2.0
22019,1610612746,LAC,LA Clippers,0021900967,2020-03-10,LAC @ GSW,W,242,131,46,92,0.5,20,44,0.455,19,19,1.0,11,36,47,28,5,2,10,19,24.0
22019,1610612746,LAC,LA Clippers,0021900948,2020-03-08,LAC vs. LAL,L,240,103,34,86,0.395,7,31,0.226,28,37,0.757,15,34,49,12,5,5,15,26,-9.0
22019,1610612746,LAC,LA Clippers,0021900927,2020-03-05,LAC @ HOU,W,240,120,39,84,0.464,13,40,0.325,29,39,0.744,9,48,57,22,5,6,14,25,15.0
22019,1610612746,LAC,LA Clippers,0021900912,2020-03-03,LAC @ OKC,W,239,109,38,84,0.452,11,36,0.306,22,26,0.846,6,35,41,19,7,1,9,22,15.0
22019,1610612746,LAC,LA Clippers,0021900897,2020-03-01,LAC vs. PHI,W,239,136,45,76,0.592,13,24,0.542,33,41,0.805,6,31,37,25,6,6,10,17,6.0
22019,1610612746,LAC,LA Clippers,0021900886,2020-02-28,LAC vs. DEN,W,241,132,48,89,0.539,18,39,0.462,18,20,0.9,11,35,46,35,6,5,10,19,29.0
22019,1610612746,LAC,LA Clippers,0021900871,2020-02-26,LAC @ PHX,W,240,102,37,84,0.44,14,38,0.368,14,15,0.933,11,35,46,22,11,2,15,22,10.0
22019,1610612746,LAC,LA Clippers,0021900856,2020-02-24,LAC vs. MEM,W,241,124,47,94,0.5,16,37,0.432,14,17,0.824,11,39,50,33,7,5,12,20,27.0
22019,1610612746,LAC,LA Clippers,0021900835,2020-02-22,LAC vs. SAC,L,241,103,34,87,0.391,10,30,0.333,25,29,0.862,13,34,47,20,7,3,19,22,-9.0
22019,1610612746,LAC,LA Clippers,0021900818,2020-02-13,LAC @ BOS,L,291,133,46,110,0.418,11,35,0.314,30,37,0.811,14,41,55,19,4,10,15,31,-8.0
22019,1610612746,LAC,LA Clippers,0021900802,2020-02-11,LAC @ PHI,L,240,103,40,90,0.444,14,31,0.452,9,13,0.692,5,37,42,25,2,6,9,19,-7.0
22019,1610612746,LAC,LA Clippers,0021900791,2020-02-09,LAC @ CLE,W,241,133,53,93,0.57,12,36,0.333,15,20,0.75,10,42,52,28,11,6,11,21,41.0
22019,1610612746,LAC,LA Clippers,0021900782,2020-02-08,LAC @ MIN,L,239,115,41,86,0.477,9,26,0.346,24,29,0.828,8,35,43,24,8,5,15,17,-27.0
22019,1610612746,LAC,LA Clippers,0021900763,2020-02-05,LAC vs. MIA,W,240,128,45,89,0.506,24,54,0.444,14,19,0.737,8,43,51,35,6,5,11,21,17.0
22019,1610612746,LAC,LA Clippers,0021900750,2020-02-03,LAC vs. SAS,W,239,108,39,84,0.464,11,27,0.407,19,24,0.792,5,46,51,28,3,2,12,18,3.0
22019,1610612746,LAC,LA Clippers,0021900727,2020-02-01,LAC vs. MIN,W,238,118,45,98,0.459,12,34,0.353,16,18,0.889,12,38,50,20,8,7,13,30,12.0
22019,1610612746,LAC,LA Clippers,0021900719,2020-01-30,LAC vs. SAC,L,239,103,35,92,0.38,13,31,0.419,20,25,0.8,11,28,39,26,6,6,15,20,-21.0
22019,1610612746,LAC,LA Clippers,0021900689,2020-01-26,LAC @ ORL,W,240,112,37,79,0.468,13,30,0.433,25,29,0.862,12,41,53,20,2,7,17,26,15.0
22019,1610612746,LAC,LA Clippers,0021900673,2020-01-24,LAC @ MIA,W,240,122,43,94,0.457,16,35,0.457,20,23,0.87,11,37,48,33,5,3,8,21,5.0
22019,1610612746,LAC,LA Clippers,0021900656,2020-01-22,LAC @ ATL,L,240,95,33,78,0.423,4,21,0.19,25,39,0.641,8,37,45,19,5,8,14,20,-7.0
22019,1610612746,LAC,LA Clippers,0021900653,2020-01-21,LAC @ DAL,W,241,110,36,97,0.371,12,38,0.316,26,33,0.788,20,37,57,19,9,3,10,21,3.0
22019,1610612746,LAC,LA Clippers,0021900626,2020-01-18,LAC @ NOP,W,241,133,46,93,0.495,10,31,0.323,31,39,0.795,10,26,36,22,12,2,12,29,3.0
22019,1610612746,LAC,LA Clippers,0021900618,2020-01-16,LAC vs. ORL,W,241,122,47,95,0.495,14,32,0.438,14,20,0.7,10,49,59,29,4,4,9,17,27.0
22019,1610612746,LAC,LA Clippers,0021900603,2020-01-14,LAC vs. CLE,W,242,128,49,94,0.521,15,38,0.395,15,21,0.714,14,39,53,29,7,8,11,12,25.0
22019,1610612746,LAC,LA Clippers,0021900589,2020-01-12,LAC @ DEN,L,240,104,38,84,0.452,8,33,0.242,20,26,0.769,10,32,42,21,8,5,14,26,-10.0
22019,1610612746,LAC,LA Clippers,0021900576,2020-01-10,LAC vs. GSW,W,241,109,41,84,0.488,11,39,0.282,16,22,0.727,9,45,54,27,5,7,19,24,9.0
22019,1610612746,LAC,LA Clippers,0021900534,2020-01-05,LAC vs. NYK,W,240,135,45,83,0.542,18,32,0.563,27,33,0.818,10,32,42,25,4,3,19,27,3.0
22019,1610612746,LAC,LA Clippers,0021900523,2020-01-04,LAC vs. MEM,L,238,114,45,101,0.446,7,30,0.233,17,22,0.773,14,35,49,20,3,1,13,22,-26.0
22019,1610612746,LAC,LA Clippers,0021900516,2020-01-02,LAC vs. DET,W,241,126,50,92,0.543,11,28,0.393,15,21,0.714,11,40,51,29,6,11,15,22,14.0
22019,1610612746,LAC,LA Clippers,0021900499,2019-12-31,LAC @ SAC,W,240,105,36,88,0.409,12,36,0.333,21,22,0.955,14,37,51,21,9,2,11,17,18.0
22019,1610612746,LAC,LA Clippers,0021900485,2019-12-28,LAC vs. UTA,L,242,107,35,95,0.368,12,40,0.3,25,27,0.926,16,30,46,22,9,4,7,18,-13.0
22019,1610612746,LAC,LA Clippers,0021900458,2019-12-25,LAC @ LAL,W,240,111,39,85,0.459,9,25,0.36,24,32,0.75,13,37,50,24,6,6,16,17,5.0
22019,1610612746,LAC,LA Clippers,0021900442,2019-12-22,LAC @ OKC,L,239,112,40,86,0.465,11,27,0.407,21,24,0.875,10,32,42,22,7,2,15,23,-6.0
22019,1610612746,LAC,LA Clippers,0021900436,2019-12-21,LAC @ SAS,W,240,134,54,99,0.545,12,36,0.333,14,19,0.737,13,30,43,32,11,2,11,19,25.0
22019,1610612746,LAC,LA Clippers,0021900419,2019-12-19,LAC vs. HOU,L,240,117,43,86,0.5,16,37,0.432,15,19,0.789,7,31,38,23,10,7,18,24,-5.0
22019,1610612746,LAC,LA Clippers,0021900406,2019-12-17,LAC vs. PHX,W,241,120,45,89,0.506,14,32,0.438,16,22,0.727,6,38,44,23,14,4,15,15,21.0
22019,1610612746,LAC,LA Clippers,0021900382,2019-12-14,LAC @ CHI,L,240,106,35,80,0.438,10,22,0.455,26,36,0.722,8,32,40,20,9,4,15,17,-3.0
22019,1610612746,LAC,LA Clippers,0021900377,2019-12-13,LAC @ MIN,W,239,124,39,79,0.494,11,25,0.44,35,39,0.897,8,37,45,16,5,2,19,30,7.0
22019,1610612746,LAC,LA Clippers,0021900359,2019-12-11,LAC @ TOR,W,238,112,38,86,0.442,12,40,0.3,24,27,0.889,12,38,50,29,8,5,18,21,20.0
22019,1610612746,LAC,LA Clippers,0021900343,2019-12-09,LAC @ IND,W,241,110,40,97,0.412,10,32,0.313,20,27,0.741,11,45,56,19,7,7,10,16,11.0
22019,1610612746,LAC,LA Clippers,0021900339,2019-12-08,LAC @ WAS,W,241,135,50,96,0.521,15,40,0.375,20,27,0.741,9,36,45,27,8,4,10,26,16.0
22019,1610612746,LAC,LA Clippers,0021900327,2019-12-06,LAC @ MIL,L,240,91,33,94,0.351,8,32,0.25,17,19,0.895,12,36,48,18,9,4,21,19,-28.0
22019,1610612746,LAC,LA Clippers,0021900305,2019-12-03,LAC vs. POR,W,239,117,43,94,0.457,17,34,0.5,14,25,0.56,11,38,49,25,7,3,10,15,20.0
22019,1610612746,LAC,LA Clippers,0021900292,2019-12-01,LAC vs. WAS,W,240,150,52,94,0.553,14,32,0.438,32,40,0.8,10,42,52,22,8,5,16,25,25.0
22019,1610612746,LAC,LA Clippers,0021900276,2019-11-29,LAC @ SAS,L,242,97,36,92,0.391,12,33,0.364,13,13,1.0,9,39,48,23,6,5,14,17,-10.0
22019,1610612746,LAC,LA Clippers,0021900260,2019-11-27,LAC @ MEM,W,241,121,44,95,0.463,14,41,0.341,19,25,0.76,13,30,43,30,11,6,15,24,2.0
22019,1610612746,LAC,LA Clippers,0021900251,2019-11-26,LAC @ DAL,W,238,114,41,97,0.423,11,33,0.333,21,30,0.7,17,39,56,22,12,3,14,27,15.0
22019,1610612746,LAC,LA Clippers,0021900239,2019-11-24,LAC vs. NOP,W,241,134,46,98,0.469,16,43,0.372,26,33,0.788,16,40,56,27,4,5,6,21,25.0
22019,1610612746,LAC,LA Clippers,0021900224,2019-11-22,LAC vs. HOU,W,238,122,45,87,0.517,13,33,0.394,19,24,0.792,10,37,47,27,9,4,19,32,3.0
22019,1610612746,LAC,LA Clippers,0021900212,2019-11-20,LAC vs. BOS,W,266,107,39,93,0.419,17,45,0.378,12,16,0.75,14,39,53,26,12,9,23,18,3.0
22019,1610612746,LAC,LA Clippers,0021900197,2019-11-18,LAC vs. OKC,W,239,90,35,87,0.402,10,36,0.278,10,14,0.714,13,36,49,23,7,5,17,25,2.0
22019,1610612746,LAC,LA Clippers,0021900182,2019-11-16,LAC vs. ATL,W,242,150,50,93,0.538,17,33,0.515,33,35,0.943,12,41,53,30,10,12,19,28,49.0
22019,1610612746,LAC,LA Clippers,0021900164,2019-11-14,LAC @ NOP,L,239,127,46,84,0.548,11,24,0.458,24,31,0.774,6,31,37,28,6,6,16,22,-5.0
22019,1610612746,LAC,LA Clippers,0021900157,2019-11-13,LAC @ HOU,L,239,93,38,98,0.388,10,33,0.303,7,14,0.5,11,42,53,17,3,3,13,21,-9.0
22019,1610612746,LAC,LA Clippers,0021900145,2019-11-11,LAC vs. TOR,W,240,98,34,92,0.37,8,36,0.222,22,30,0.733,20,46,66,25,9,7,19,21,10.0
22019,1610612746,LAC,LA Clippers,0021900115,2019-11-07,LAC vs. POR,W,240,107,39,89,0.438,4,23,0.174,25,30,0.833,13,44,57,20,6,12,17,14,6.0
22019,1610612746,LAC,LA Clippers,0021900111,2019-11-06,LAC vs. MIL,L,238,124,41,98,0.418,13,31,0.419,29,36,0.806,14,40,54,21,4,3,19,28,-5.0
22019,1610612746,LAC,LA Clippers,0021900090,2019-11-03,LAC vs. UTA,W,240,105,36,92,0.391,7,32,0.219,26,34,0.765,18,36,54,15,7,6,9,25,11.0
22019,1610612746,LAC,LA Clippers,0021900068,2019-10-31,LAC vs. SAS,W,240,103,39,91,0.429,5,26,0.192,20,27,0.741,11,36,47,16,9,1,11,23,6.0
22019,1610612746,LAC,LA Clippers,0021900063,2019-10-30,LAC @ UTA,L,240,96,39,82,0.476,8,23,0.348,10,12,0.833,6,30,36,19,3,4,19,22,-14.0
22019,1610612746,LAC,LA Clippers,0021900051,2019-10-28,LAC vs. CHA,W,239,111,40,83,0.482,12,33,0.364,19,21,0.905,9,35,44,23,11,8,21,24,15.0
22019,1610612746,LAC,LA Clippers,0021900035,2019-10-26,LAC @ PHX,L,239,122,40,87,0.46,11,32,0.344,31,39,0.795,10,31,41,20,8,4,12,32,-8.0
22019,1610612746,LAC,LA Clippers,0021900016,2019-10-24,LAC @ GSW,W,239,141,50,80,0.625,18,32,0.563,23,30,0.767,3,36,39,33,7,5,17,24,19.0
22019,1610612746,LAC,LA Clippers,0021900002,2019-10-22,LAC vs. LAL,W,239,112,42,81,0.519,11,31,0.355,17,24,0.708,11,34,45,24,8,5,14,25,10.0
